IG,MI
362.828125,447.296875
